urb_id,urb_type,transfer_type,endpoint_number,urb_direction,device_number,bus_number,setup_request,data_flag,urb_sec,urb_usec,urb_status,urb_length,data_length,urb_unusedsetup_header,payload_data,,,,,,,
1.84466237641287E+019,C,1,4,8,56,1,45,0,1726661237,20778,0,5,5,0,(2\, 0\, 127\, 129\, 0),,,
1.84466237641287E+019,S,1,4,8,56,1,45,60,1726661237,20791,4294967181,9,0,0,[0\, 0\, 0\, 0\, 0\, 0\, 0\, 0]
1.84466237641287E+019,C,1,4,8,56,1,45,0,1726661237,28656,0,5,5,0,(2\, 0\, 127\, 129\, 0),,,
1.84466237641287E+019,S,1,4,8,56,1,45,60,1726661237,28665,4294967181,9,0,0,[0\, 0\, 0\, 0\, 0\, 0\, 0\, 0]
1.84466237641287E+019,C,1,4,8,56,1,45,0,1726661237,36664,0,5,5,0,(2\, 0\, 127\, 129\, 0),,,
1.84466237641287E+019,S,1,4,8,56,1,45,60,1726661237,36669,4294967181,9,0,0,[0\, 0\, 0\, 0\, 0\, 0\, 0\, 0]
1.84466237641287E+019,C,1,4,8,56,1,45,0,1726661237,44677,0,5,5,0,(2\, 0\, 127\, 129\, 0),,,
1.84466237641287E+019,S,1,4,8,56,1,45,60,1726661237,44681,4294967181,9,0,0,[0\, 0\, 0\, 0\, 0\, 0\, 0\, 0]
1.84466237641287E+019,C,1,4,8,56,1,45,0,1726661237,52568,0,5,5,0,(2\, 0\, 127\, 129\, 0),,,
1.84466237641287E+019,S,1,4,8,56,1,45,60,1726661237,52573,4294967181,9,0,0,[0\, 0\, 0\, 0\, 0\, 0\, 0\, 0]
1.84466237641287E+019,C,1,4,8,56,1,45,0,1726661237,60568,0,5,5,0,(2\, 0\, 127\, 129\, 0),,,
1.84466237641287E+019,S,1,4,8,56,1,45,60,1726661237,60572,4294967181,9,0,0,[0\, 0\, 0\, 0\, 0\, 0\, 0\, 0]
1.84466237641287E+019,C,1,4,8,56,1,45,0,1726661237,68569,0,5,5,0,(2\, 0\, 127\, 129\, 0),,,
1.84466237641287E+019,S,1,4,8,56,1,45,60,1726661237,68573,4294967181,9,0,0,[0\, 0\, 0\, 0\, 0\, 0\, 0\, 0]
1.84466237641287E+019,C,1,4,8,56,1,45,0,1726661237,76566,0,5,5,0,(2\, 0\, 111\, 145\, 0),,,
1.84466237641287E+019,S,1,4,8,56,1,45,60,1726661237,76568,4294967181,9,0,0,[0\, 0\, 0\, 0\, 0\, 0\, 0\, 0]
1.84466237641287E+019,C,1,4,8,56,1,45,0,1726661238,84829,0,5,5,0,(2\, 0\, 251\, 20\, 0),,,
1.84466237641287E+019,S,1,4,8,56,1,45,60,1726661238,84841,4294967181,9,0,0,[0\, 0\, 0\, 0\, 0\, 0\, 0\, 0]
1.84466237641287E+019,C,1,4,8,56,1,45,0,1726661238,92610,0,5,5,0,(2\, 1\, 0\, 0\, 0),,,
1.84466237641287E+019,S,1,4,8,56,1,45,60,1726661238,92622,4294967181,9,0,0,[0\, 0\, 0\, 0\, 0\, 0\, 0\, 0]
1.84466237641287E+019,C,1,4,8,56,1,45,0,1726661238,100567,0,5,5,0,(2\, 0\, 0\, 0\, 0),,,
1.84466237641287E+019,S,1,4,8,56,1,45,60,1726661238,100572,4294967181,9,0,0,[0\, 0\, 0\, 0\, 0\, 0\, 0\, 0]
