urb_id,urb_type,transfer_type,endpoint_number,urb_direction,device_number,bus_number,setup_request,data_flag,urb_sec,urb_usec,urb_status,urb_length,data_length,urb_unusedsetup_header,payload_data,,,,,,,
1.84466149899373E+019,C,0,3,0,22,1,45,62,1726828869,654181,0,1152,96,25769803776,[0\, 0\, 0\, 0\, 0\, 0\, 0\, 0]
1.84466149899373E+019,S,0,3,0,22,1,45,0,1726828869,654185,4294967181,1152,1248,25769803776,[0\, 0\, 0\, 0\, 0\, 0\, 0\, 0]
1.84466149899373E+019,C,0,3,0,22,1,45,62,1726828869,660262,0,1152,96,25769803776,[0\, 0\, 0\, 0\, 0\, 0\, 0\, 0]
1.84466149899373E+019,S,0,3,0,22,1,45,0,1726828869,660266,4294967181,1152,1248,25769803776,[0\, 0\, 0\, 0\, 0\, 0\, 0\, 0]
